1,Docks of New York,sin genero,0.000000
2,Generals Daughter,sin genero,0.000000
3,Angry Silence,sin genero,0.000000
4,Day After Trinity,sin genero,0.000000
5,Disneyland Dream,sin genero,0.000000
6,Eenfance naked Childhood,sin genero,0.000000
7,Who Is John Galt,sin genero,0.000000
8,How to Survive a Plague,sin genero,0.000000
9,The Man From The Alamo,sin genero,0.000000
10,The Case of Lucky Legs,sin genero,0.000000
11,Musketeer,sin genero,0.000000
12,Romantic Comedy,sin genero,0.000000
13,Fall From Grace,sin genero,0.000000
14,Casshern,sin genero,0.000000
15,Dragonquest,sin genero,0.000000
16,North Face,sin genero,0.000000
17,Satans Tango ,sin genero,0.000000
18,Chu Chin Chow,sin genero,0.000000
19,Cannibal Holocaust,sin genero,0.000000
20,Boy Meets Boy,sin genero,0.000000
21,Sgt Kabukiman,sin genero,0.000000
22,Naked in New York,sin genero,0.000000
23,American Winter,sin genero,0.000000
